,Loan_ID,Gender,Married,Dependents,Education,Self_Employed,ApplicantIncome,CoapplicantIncome,LoanAmount,Loan_Amount_Term,Credit_History,Property_Area,Loan_Status,LoanAmount_Bin,Normalized_Income,Graduate,Not Graduate
0,1,0,1,1,1,1,5849,0.0,,360.0,1.0,0,0,,38.23937760999779,1,0
1,0,0,0,0,1,1,4583,1508.0,128.0,360.0,1.0,1,1,Medium,33.84892908202562,1,0
2,0,0,0,1,1,0,3000,0.0,66.0,360.0,1.0,0,0,Low,27.386127875258307,1,0
3,0,0,0,1,0,1,2583,2358.0,120.0,360.0,1.0,0,0,Medium,25.411611519146124,0,1
4,0,0,1,1,1,1,6000,0.0,141.0,360.0,1.0,0,0,Medium,38.72983346207417,1,0
5,0,0,0,0,1,0,5417,4196.0,267.0,360.0,1.0,0,0,High,36.800135869314396,1,0
6,0,0,0,1,0,1,2333,1516.0,95.0,360.0,1.0,0,0,Low,24.150569351466643,0,1
7,0,0,0,0,1,1,3036,2504.0,158.0,360.0,0.0,0,1,Medium,27.54995462791182,1,0
8,0,0,0,0,1,1,4006,1526.0,168.0,360.0,1.0,0,0,Medium,31.64648479689332,1,0
9,0,0,0,0,1,1,12841,10968.0,349.0,360.0,1.0,0,1,Extreme,56.65906811799855,1,0
10,0,0,0,0,1,1,3200,700.0,70.0,360.0,1.0,0,0,Low,28.284271247461902,1,0
11,0,0,0,0,1,0,2500,1840.0,109.0,360.0,1.0,0,0,Medium,25.0,1,0
12,0,0,0,0,1,1,3073,8106.0,200.0,360.0,1.0,0,0,Medium,27.7173231030704,1,0
13,0,0,1,1,1,1,1853,2840.0,114.0,360.0,1.0,1,1,Medium,21.523243250030884,1,0
14,0,0,0,0,1,1,1299,1086.0,17.0,120.0,1.0,0,0,Low,18.0208212909401,1,0
15,0,0,1,1,1,1,4950,0.0,125.0,360.0,1.0,0,0,Medium,35.17811819867572,1,0
16,0,0,1,0,0,1,3596,0.0,100.0,240.0,,0,0,Low,29.9833287011299,0,1
17,0,1,1,1,1,1,3510,0.0,76.0,360.0,0.0,0,1,Low,29.62262648719725,1,0
18,0,0,0,1,0,1,4887,0.0,133.0,360.0,1.0,1,1,Medium,34.95354059319313,0,1
19,0,0,0,1,1,0,2600,3500.0,115.0,,1.0,0,0,Medium,25.495097567963924,1,0
20,0,0,0,1,0,1,7660,0.0,104.0,360.0,0.0,0,1,Medium,43.76071297408213,0,1
21,0,0,0,0,1,1,5955,5625.0,315.0,360.0,1.0,0,0,Extreme,38.58432324144095,1,0
22,0,0,0,1,0,1,2600,1911.0,116.0,360.0,0.0,0,1,Medium,25.495097567963924,0,1
23,0,0,0,0,0,1,3365,1917.0,112.0,360.0,0.0,1,1,Medium,29.004310024546353,0,1
24,0,0,0,0,1,0,3717,2925.0,151.0,360.0,,0,1,Medium,30.483602149352365,1,0
25,0,0,0,1,1,0,9560,0.0,191.0,360.0,1.0,0,0,Medium,48.88762624632127,1,0
26,0,0,0,1,1,1,2799,2253.0,122.0,360.0,1.0,0,0,Medium,26.452788132822597,1,0
27,0,0,0,0,0,1,4226,1040.0,110.0,360.0,1.0,0,0,Medium,32.50384592629001,0,1
28,0,0,1,1,0,1,1442,0.0,35.0,360.0,1.0,0,1,Low,18.986837546047525,0,1
29,0,1,1,0,1,0,3750,2083.0,120.0,360.0,1.0,0,0,Medium,30.618621784789728,1,0
30,0,0,0,0,1,0,4166,3369.0,201.0,360.0,,0,1,High,32.27227912620985,1,0
31,0,0,1,1,1,1,3167,0.0,74.0,360.0,1.0,0,1,Low,28.138052526783014,1,0
32,0,0,1,0,1,0,4692,0.0,106.0,360.0,1.0,1,1,Medium,34.249087579087416,1,0
33,0,0,0,1,1,1,3500,1667.0,114.0,360.0,1.0,0,0,Medium,29.58039891549808,1,0
34,0,0,1,0,1,1,12500,3000.0,320.0,360.0,1.0,1,1,Extreme,55.90169943749474,1,0
35,0,0,0,1,1,1,2275,2067.0,,360.0,1.0,0,0,,23.84848003542364,1,0
36,0,0,0,1,1,1,1828,1330.0,100.0,,0.0,0,1,Low,21.37755832643195,1,0
37,0,1,0,1,1,1,3667,1459.0,144.0,360.0,1.0,0,0,Medium,30.277879714405366,1,0
38,0,0,1,1,1,1,4166,7210.0,184.0,360.0,1.0,0,0,Medium,32.27227912620985,1,0
39,0,0,1,1,0,1,3748,1668.0,110.0,360.0,1.0,0,0,Medium,30.610455730027933,0,1
40,0,0,1,1,1,1,3600,0.0,80.0,360.0,1.0,0,1,Low,30.0,1,0
41,0,0,1,1,1,1,1800,1213.0,47.0,360.0,1.0,0,0,Low,21.213203435596427,1,0
42,0,0,0,1,1,1,2400,0.0,75.0,360.0,,0,0,Low,24.49489742783178,1,0
43,0,0,0,1,1,1,3941,2336.0,134.0,360.0,1.0,0,0,Medium,31.388692231439016,1,0
44,0,0,0,1,0,0,4695,0.0,96.0,,1.0,0,0,Low,34.2600350262518,0,1
45,0,1,1,1,1,1,3410,0.0,88.0,,1.0,0,0,Low,29.197602641312866,1,0
46,0,0,0,0,1,1,5649,0.0,44.0,360.0,1.0,0,0,Low,37.579914848227105,1,0
47,0,0,0,1,1,1,5821,0.0,144.0,360.0,1.0,0,0,Medium,38.14773912042495,1,0
48,0,1,0,1,1,1,2645,3440.0,120.0,360.0,0.0,0,1,Medium,25.71478174124758,1,0
49,0,1,1,1,1,1,4000,2275.0,144.0,360.0,1.0,0,0,Medium,31.622776601683793,1,0
50,0,1,0,1,0,1,1928,1644.0,100.0,360.0,1.0,0,0,Low,21.95449840010015,0,1
51,0,1,1,1,1,1,3086,0.0,120.0,360.0,1.0,0,0,Medium,27.7758888246623,1,0
52,0,1,1,1,1,1,4230,0.0,112.0,360.0,1.0,0,1,Medium,32.5192250830182,1,0
53,0,0,0,0,1,1,4616,0.0,134.0,360.0,1.0,0,1,Medium,33.97057550292606,1,0
54,0,1,0,0,1,0,11500,0.0,286.0,360.0,0.0,0,1,High,53.61902647381804,1,0
55,0,0,0,0,1,1,2708,1167.0,97.0,360.0,1.0,0,0,Low,26.019223662515376,1,0
56,0,0,0,1,1,1,2132,1591.0,96.0,360.0,1.0,0,0,Low,23.08679276123039,1,0
57,0,0,0,1,1,1,3366,2200.0,135.0,360.0,1.0,1,1,Medium,29.008619408720573,1,0
58,0,0,0,0,1,1,8080,2250.0,180.0,360.0,1.0,0,0,Medium,44.94441010848846,1,0
59,0,0,0,0,0,1,3357,2859.0,144.0,360.0,1.0,0,0,Medium,28.96981187374195,0,1
60,0,0,0,1,1,1,2500,3796.0,120.0,360.0,1.0,0,0,Medium,25.0,1,0
61,0,0,0,0,1,1,3029,0.0,99.0,360.0,1.0,0,0,Low,27.518175811634027,1,0
62,0,0,0,1,0,0,2609,3449.0,165.0,180.0,0.0,1,1,Medium,25.53918557824427,0,1
63,0,0,0,0,1,1,4945,0.0,,360.0,0.0,1,1,,35.16034698349833,1,0
64,0,1,1,1,1,1,4166,0.0,116.0,360.0,0.0,0,1,Medium,32.27227912620985,1,0
65,0,0,0,1,1,1,5726,4595.0,258.0,360.0,1.0,0,1,High,37.83516882478523,1,0
66,0,0,1,1,0,1,3200,2254.0,126.0,180.0,0.0,0,1,Medium,28.284271247461902,0,1
67,0,0,0,0,1,1,10750,0.0,312.0,360.0,1.0,0,0,Extreme,51.8411033833193,1,0
68,0,0,0,0,0,0,7100,0.0,125.0,60.0,1.0,0,0,Medium,42.13074886588179,0,1
69,0,1,1,1,1,1,4300,0.0,136.0,360.0,0.0,0,1,Medium,32.78719262151,1,0
70,0,0,0,1,1,1,3208,3066.0,172.0,360.0,1.0,0,0,Medium,28.319604517012593,1,0
71,0,0,0,0,0,0,1875,1875.0,97.0,360.0,1.0,0,0,Low,21.650635094610966,0,1
72,0,0,1,1,1,1,3500,0.0,81.0,300.0,1.0,0,0,Low,29.58039891549808,1,0
73,0,0,0,0,0,1,4755,0.0,95.0,,0.0,0,1,Low,34.478254016118626,0,1
74,0,0,0,0,1,0,5266,1774.0,187.0,360.0,1.0,0,0,Medium,36.28360511305347,1,0
75,0,0,1,1,1,1,3750,0.0,113.0,480.0,1.0,0,1,Medium,30.618621784789728,1,0
76,0,0,1,1,1,1,3750,4750.0,176.0,360.0,1.0,0,1,Medium,30.618621784789728,1,0
77,0,0,0,0,1,0,1000,3022.0,110.0,360.0,1.0,0,1,Medium,15.811388300841896,1,0
78,0,0,0,0,1,1,3167,4000.0,180.0,300.0,0.0,0,1,Medium,28.138052526783014,1,0
79,0,0,0,0,0,0,3333,2166.0,130.0,360.0,,0,0,Medium,28.86607004772212,0,1
80,0,1,1,1,1,1,3846,0.0,111.0,360.0,1.0,0,0,Medium,31.008063467427306,1,0
81,0,0,0,0,1,0,2395,0.0,,360.0,1.0,0,0,,24.469368606484313,1,0
82,0,1,0,0,1,1,1378,1881.0,167.0,360.0,1.0,0,1,Medium,18.560711193270585,1,0
83,0,0,0,1,1,1,6000,2250.0,265.0,360.0,,0,1,High,38.72983346207417,1,0
84,0,0,0,0,1,1,3988,0.0,50.0,240.0,1.0,0,0,Low,31.575306807693888,1,0
85,0,0,1,1,1,1,2366,2531.0,136.0,360.0,1.0,0,0,Medium,24.320773014030618,1,0
86,0,0,0,0,0,1,3333,2000.0,99.0,360.0,,0,0,Low,28.86607004772212,0,1
87,0,0,0,1,1,1,2500,2118.0,104.0,360.0,1.0,0,0,Medium,25.0,1,0
88,0,0,1,1,1,1,8566,0.0,210.0,360.0,1.0,0,0,High,46.27634384866635,1,0
89,0,0,0,1,1,1,5695,4167.0,175.0,360.0,1.0,0,0,Medium,37.73261188945181,1,0
90,0,0,0,1,1,1,2958,2900.0,131.0,360.0,1.0,0,0,Medium,27.193749281774295,1,0
91,0,0,0,0,1,1,6250,5654.0,188.0,180.0,1.0,0,0,Medium,39.528470752104745,1,0
92,0,0,0,0,0,1,3273,1820.0,81.0,360.0,1.0,0,0,Low,28.605069480775605,0,1
93,0,0,1,1,1,1,4133,0.0,122.0,360.0,1.0,0,0,Medium,32.14420632089086,1,0
94,0,0,1,1,0,1,3620,0.0,25.0,120.0,1.0,0,0,Low,30.083217912982647,0,1
95,0,0,1,1,1,0,6782,0.0,,360.0,,0,1,,41.176449579826574,1,0
96,0,1,0,1,1,1,2484,2302.0,137.0,360.0,1.0,0,0,Medium,24.919871588754223,1,0
97,0,0,0,1,1,1,1977,997.0,50.0,360.0,1.0,0,0,Low,22.23173407541571,1,0
98,0,0,0,1,0,1,4188,0.0,115.0,180.0,1.0,0,0,Medium,32.357379374726875,0,1
99,0,0,0,1,1,1,1759,3541.0,131.0,360.0,1.0,0,0,Medium,20.97021697551077,1,0
100,0,0,0,0,0,1,4288,3263.0,133.0,180.0,1.0,0,0,Medium,32.7414110874898,0,1
101,0,0,1,1,1,1,4843,3806.0,151.0,360.0,1.0,0,0,Medium,34.79583308386221,1,0
102,0,0,0,0,1,1,13650,0.0,,360.0,1.0,0,0,,58.41660722773961,1,0
103,0,0,0,1,1,1,4652,3583.0,,360.0,1.0,0,0,,34.10278580995987,1,0
104,0,0,0,0,1,1,3816,754.0,160.0,360.0,1.0,0,0,Medium,30.886890422961002,1,0
105,0,0,0,0,1,1,3052,1030.0,100.0,360.0,1.0,0,0,Low,27.622454633866266,1,0
106,0,0,0,0,1,1,11417,1126.0,225.0,360.0,1.0,0,0,High,53.42518132865812,1,0
107,0,0,1,1,0,0,7333,0.0,120.0,360.0,1.0,1,1,Medium,42.81646879414509,0,1
108,0,0,0,0,1,1,3800,3600.0,216.0,360.0,0.0,0,1,High,30.822070014844883,1,0
109,0,0,0,0,0,1,2071,754.0,94.0,480.0,1.0,0,0,Low,22.754120505965506,0,1
110,0,0,1,1,1,1,5316,0.0,136.0,360.0,1.0,0,0,Medium,36.45545226711637,1,0
111,0,1,0,1,1,0,2929,2333.0,139.0,360.0,1.0,0,0,Medium,27.060118255469618,1,0
112,0,0,0,1,0,1,3572,4114.0,152.0,,0.0,1,1,Medium,29.88310559496787,0,1
113,0,1,1,0,1,0,7451,0.0,,360.0,1.0,0,0,,43.159587579123134,1,0
114,0,0,1,1,1,0,5050,0.0,118.0,360.0,1.0,0,0,Medium,35.531676008879735,1,0
115,0,0,0,0,1,1,14583,0.0,185.0,180.0,1.0,1,0,Medium,60.38004637295337,1,0
116,0,1,0,1,1,1,3167,2283.0,154.0,360.0,1.0,0,0,Medium,28.138052526783014,1,0
117,0,0,0,0,1,1,2214,1398.0,85.0,360.0,,0,0,Low,23.526580712037184,1,0
118,0,0,0,1,1,1,5568,2142.0,175.0,360.0,1.0,1,1,Medium,37.30951621235526,1,0
119,0,1,1,1,1,1,10408,0.0,259.0,360.0,1.0,0,0,High,51.0098029794274,1,0
120,0,0,0,0,1,1,5667,2667.0,180.0,360.0,1.0,1,0,Medium,37.639739637781766,1,0
121,0,1,1,1,1,1,4166,0.0,44.0,360.0,1.0,0,0,Low,32.27227912620985,1,0
122,0,1,1,1,1,1,2137,8980.0,137.0,360.0,0.0,0,0,Medium,23.11384866265244,1,0
123,0,0,0,0,1,1,2957,0.0,81.0,360.0,1.0,0,0,Low,27.189152248645048,1,0
124,0,0,0,1,0,1,4300,2014.0,194.0,360.0,1.0,1,0,Medium,32.78719262151,0,1
125,0,1,1,1,1,1,3692,0.0,93.0,360.0,,1,0,Low,30.380915061926625,1,0
126,0,0,0,0,1,1,23803,0.0,370.0,360.0,1.0,1,0,Extreme,77.14110447744444,1,0
127,0,0,1,1,1,1,3865,1640.0,,360.0,1.0,1,0,,31.084562084739105,1,0
128,0,0,0,0,1,0,10513,3850.0,160.0,180.0,0.0,0,1,Medium,51.266460771151344,1,0
129,0,0,0,1,1,1,6080,2569.0,182.0,360.0,,1,1,Medium,38.98717737923585,1,0
130,0,0,1,1,1,0,20166,0.0,650.0,480.0,,0,0,Extreme,71.00352103945268,1,0
131,0,0,1,1,1,1,2014,1929.0,74.0,360.0,1.0,0,0,Low,22.438805672316875,1,0
132,0,0,1,1,1,1,2718,0.0,70.0,360.0,1.0,0,0,Low,26.06722079547415,1,0
133,0,0,0,1,1,0,3459,0.0,25.0,120.0,1.0,0,0,Low,29.406631905065225,1,0
134,0,0,1,1,1,1,4895,0.0,102.0,360.0,1.0,0,0,Medium,34.98213829942361,1,0
135,0,0,0,0,1,1,4000,7750.0,290.0,360.0,1.0,0,1,High,31.622776601683793,1,0
136,0,1,0,1,1,1,4583,0.0,84.0,360.0,1.0,1,1,Low,33.84892908202562,1,0
137,0,0,0,0,1,0,3316,3500.0,88.0,360.0,1.0,0,0,Low,28.792360097775937,1,0
138,0,0,1,1,1,1,14999,0.0,242.0,360.0,0.0,0,1,High,61.23520229410531,1,0
139,0,0,0,0,0,1,4200,1430.0,129.0,360.0,1.0,1,1,Medium,32.4037034920393,0,1
140,0,0,0,0,1,1,5042,2083.0,185.0,360.0,1.0,1,1,Medium,35.503520952153465,1,0
141,0,0,1,1,1,1,5417,0.0,168.0,360.0,1.0,0,0,Medium,36.800135869314396,1,0
142,0,0,1,1,1,0,6950,0.0,175.0,180.0,1.0,0,0,Medium,41.68333000133266,1,0
143,0,0,0,1,1,1,2698,2034.0,122.0,360.0,1.0,0,0,Medium,25.971137826441105,1,0
144,0,0,0,0,1,1,11757,0.0,187.0,180.0,1.0,0,0,Medium,54.21485036408382,1,0
145,0,1,0,1,1,1,2330,4486.0,100.0,360.0,1.0,0,0,Low,24.13503677229434,1,0
146,0,1,0,0,1,1,14866,0.0,70.0,360.0,1.0,0,0,Low,60.96310359553556,1,0
147,0,0,0,0,1,1,1538,1425.0,30.0,360.0,1.0,0,0,Low,19.60867155112758,1,0
148,0,1,1,1,1,1,10000,1666.0,225.0,360.0,1.0,1,1,High,50.0,1,0
149,0,0,0,1,1,1,4860,830.0,125.0,360.0,1.0,0,0,Medium,34.85685011586675,1,0
150,0,0,1,1,1,1,6277,0.0,118.0,360.0,0.0,1,1,Medium,39.613760235554516,1,0
151,0,0,0,1,1,0,2577,3750.0,152.0,360.0,1.0,1,0,Medium,25.38208029299411,1,0
152,0,0,1,1,1,1,9166,0.0,244.0,360.0,1.0,0,1,High,47.86961457960572,1,0
153,0,0,0,0,0,1,2281,0.0,113.0,360.0,1.0,1,1,Medium,23.879907872519105,0,1
154,0,0,1,1,1,1,3254,0.0,50.0,360.0,1.0,0,0,Low,28.521921393903323,1,0
155,0,0,0,0,1,1,39999,0.0,600.0,180.0,0.0,0,0,Extreme,99.9987499921874,1,0
156,0,0,0,0,1,1,6000,0.0,160.0,360.0,,1,0,Medium,38.72983346207417,1,0
157,0,0,0,0,1,1,9538,0.0,187.0,360.0,1.0,0,0,Medium,48.83134239399937,1,0
158,0,0,1,1,1,0,2980,2083.0,120.0,360.0,1.0,1,0,Medium,27.294688127912362,1,0
159,0,0,0,1,1,1,4583,5625.0,255.0,360.0,1.0,0,0,High,33.84892908202562,1,0
160,0,0,0,1,0,1,1863,1041.0,98.0,360.0,1.0,0,0,Low,21.581241854907237,0,1
161,0,0,0,1,1,1,7933,0.0,275.0,360.0,1.0,0,1,High,44.533695108310965,1,0
162,0,0,0,0,1,1,3089,1280.0,121.0,360.0,0.0,0,1,Medium,27.789386463180506,1,0
163,0,0,0,0,1,1,4167,1447.0,158.0,360.0,1.0,1,0,Medium,32.27615218702502,1,0
164,0,0,0,1,1,1,9323,0.0,75.0,180.0,1.0,0,0,Low,48.277841708179125,1,0
165,0,0,0,1,1,1,3707,3166.0,182.0,,1.0,1,0,Medium,30.44256887977754,1,0
166,0,1,0,1,1,1,4583,0.0,112.0,360.0,1.0,1,1,Medium,33.84892908202562,1,0
167,0,0,0,1,1,1,2439,3333.0,129.0,360.0,1.0,1,0,Medium,24.69311644973149,1,0
168,0,0,1,1,1,1,2237,0.0,63.0,480.0,0.0,0,1,Low,23.648467180770936,1,0
169,0,0,0,0,1,1,8000,0.0,200.0,360.0,1.0,0,0,Medium,44.721359549995796,1,0
170,0,0,0,1,0,0,1820,1769.0,95.0,360.0,1.0,1,0,Low,21.330729007701542,0,1
171,0,0,0,0,1,1,51763,0.0,700.0,300.0,1.0,0,0,Extreme,113.75741734058488,1,0
172,0,0,0,0,0,1,3522,0.0,81.0,180.0,1.0,1,1,Low,29.67322024991558,0,1
173,0,0,0,1,1,1,5708,5625.0,187.0,360.0,1.0,0,0,Medium,37.77565353504821,1,0
174,0,0,0,1,0,0,4344,736.0,87.0,360.0,1.0,0,1,Low,32.95451410656816,0,1
175,0,0,0,1,1,1,3497,1964.0,116.0,360.0,1.0,1,0,Medium,29.567718883945037,1,0
176,0,0,0,0,1,1,2045,1619.0,101.0,360.0,1.0,1,0,Medium,22.610838109190027,1,0
177,0,0,0,0,1,1,5516,11300.0,495.0,360.0,0.0,0,1,Extreme,37.134889255254286,1,0
178,0,0,0,0,1,1,3750,0.0,116.0,360.0,1.0,0,0,Medium,30.618621784789728,1,0
179,0,0,1,1,0,1,2333,1451.0,102.0,480.0,0.0,0,1,Medium,24.150569351466643,0,1
180,0,0,0,0,1,1,6400,7250.0,180.0,360.0,0.0,0,1,Medium,40.0,1,0
181,0,0,1,1,1,1,1916,5063.0,67.0,360.0,,1,1,Low,21.88606862823929,1,0
182,0,0,0,1,1,1,4600,0.0,73.0,180.0,1.0,0,0,Low,33.91164991562634,1,0
183,0,0,0,0,1,1,33846,0.0,260.0,360.0,1.0,0,1,High,91.98641204003991,1,0
184,0,1,0,1,1,1,3625,0.0,108.0,360.0,1.0,0,0,Medium,30.103986446980738,1,0
185,0,0,0,1,1,0,39147,4750.0,120.0,360.0,1.0,0,0,Medium,98.92800412421145,1,0
186,0,0,0,0,1,0,2178,0.0,66.0,300.0,0.0,1,1,Low,23.33452377915607,1,0
187,0,0,0,1,1,1,2383,2138.0,58.0,360.0,,1,0,Low,24.407990494917847,1,0
188,0,0,0,1,1,0,674,5296.0,168.0,360.0,1.0,1,0,Medium,12.98075498574717,1,0
189,0,0,0,1,1,1,9328,0.0,188.0,180.0,1.0,1,0,Medium,48.29078587059855,1,0
190,0,0,1,1,0,1,4885,0.0,48.0,360.0,1.0,1,0,Low,34.9463875100131,0,1
191,0,0,1,1,1,1,12000,0.0,164.0,360.0,1.0,0,1,Medium,54.772255750516614,1,0
192,0,0,0,1,0,1,6033,0.0,160.0,360.0,1.0,0,1,Medium,38.836194458262774,0,1
193,0,0,1,1,1,1,3858,0.0,76.0,360.0,1.0,0,0,Low,31.056400306539068,1,0
194,0,0,1,1,1,1,4191,0.0,120.0,360.0,1.0,1,0,Medium,32.36896661927903,1,0
195,0,0,0,0,1,1,3125,2583.0,170.0,360.0,1.0,0,1,Medium,27.95084971874737,1,0
196,0,0,1,1,1,1,8333,3750.0,187.0,360.0,1.0,1,0,Medium,45.64263357870578,1,0
197,0,1,1,1,0,1,1907,2365.0,120.0,,1.0,0,0,Medium,21.834605560898048,0,1
198,0,1,0,1,1,1,3416,2816.0,113.0,360.0,,0,0,Medium,29.223278392404914,1,0
199,0,0,1,1,1,0,11000,0.0,83.0,360.0,1.0,0,1,Low,52.44044240850758,1,0
200,0,0,0,0,0,1,2600,2500.0,90.0,360.0,1.0,0,0,Low,25.495097567963924,0,1
201,0,0,1,0,1,1,4923,0.0,166.0,360.0,0.0,0,0,Medium,35.082046690579496,1,0
202,0,0,0,0,0,1,3992,0.0,,180.0,1.0,0,1,,31.591137997862628,0,1
203,0,0,0,0,0,1,3500,1083.0,135.0,360.0,1.0,0,0,Medium,29.58039891549808,0,1
204,0,0,0,0,0,1,3917,0.0,124.0,360.0,1.0,0,0,Medium,31.2929704566377,0,1
205,0,1,1,1,0,1,4408,0.0,120.0,360.0,1.0,0,0,Medium,33.19638534539566,0,1
206,0,1,1,1,1,1,3244,0.0,80.0,360.0,1.0,0,0,Low,28.478061731796284,1,0
207,0,0,1,1,0,1,3975,2531.0,55.0,360.0,1.0,1,0,Low,31.523800532296228,0,1
208,0,0,1,1,1,1,2479,0.0,59.0,360.0,1.0,0,0,Low,24.894778569009205,1,0
209,0,0,1,1,1,1,3418,0.0,127.0,360.0,1.0,0,1,Medium,29.231831964486933,1,0
210,0,1,1,1,1,1,10000,0.0,214.0,360.0,1.0,0,1,High,50.0,1,0
211,0,0,0,0,1,1,3430,1250.0,128.0,360.0,0.0,0,1,Medium,29.283100928692644,1,0
212,0,0,0,0,1,0,7787,0.0,240.0,360.0,1.0,0,0,High,44.121989982320606,1,0
213,0,0,0,0,0,0,5703,0.0,130.0,360.0,1.0,1,0,Medium,37.7591048622713,0,1
214,0,0,0,1,1,1,3173,3021.0,137.0,360.0,1.0,0,0,Medium,28.164694211015323,1,0
215,0,0,0,0,0,1,3850,983.0,100.0,360.0,1.0,0,0,Low,31.024184114977142,0,1
216,0,0,0,1,1,1,150,1800.0,135.0,360.0,1.0,1,1,Medium,6.123724356957945,1,0
217,0,0,0,1,1,1,3727,1775.0,131.0,360.0,1.0,0,0,Medium,30.52458025919439,1,0
218,0,0,0,0,1,0,5000,0.0,72.0,360.0,0.0,0,1,Low,35.35533905932738,1,0
219,0,1,0,0,1,1,4283,2383.0,127.0,360.0,,0,0,Medium,32.72231654391235,1,0
220,0,0,0,1,1,1,2221,0.0,60.0,360.0,0.0,0,1,Low,23.56374333589636,1,0
221,0,0,0,0,1,1,4009,1717.0,116.0,360.0,1.0,0,0,Medium,31.65833223655346,1,0
222,0,0,1,1,1,1,2971,2791.0,144.0,360.0,1.0,0,0,Medium,27.253440149823287,1,0
223,0,0,0,1,1,1,7578,1010.0,175.0,,1.0,0,0,Medium,43.52585438564073,1,0
224,0,0,0,1,1,1,6250,0.0,128.0,360.0,1.0,0,0,Medium,39.528470752104745,1,0
225,0,0,0,1,1,1,3250,0.0,170.0,360.0,1.0,1,1,Medium,28.50438562747845,1,0
226,0,0,0,0,0,0,4735,0.0,138.0,360.0,1.0,0,1,Medium,34.405668137677544,0,1
227,0,0,0,0,1,1,6250,1695.0,210.0,360.0,1.0,0,0,High,39.528470752104745,1,0
228,0,0,0,0,1,1,4758,0.0,158.0,480.0,1.0,0,0,Medium,34.489128721961066,1,0
229,0,0,1,1,1,0,6400,0.0,200.0,360.0,1.0,1,0,Medium,40.0,1,0
230,0,0,0,0,1,1,2491,2054.0,104.0,360.0,1.0,0,0,Medium,24.95495942693556,1,0
231,0,0,0,1,1,0,3716,0.0,42.0,180.0,1.0,1,0,Low,30.479501308256342,1,0
232,0,0,1,1,0,1,3189,2598.0,120.0,,1.0,1,0,Medium,28.235615806991,0,1
233,0,1,1,1,1,1,8333,0.0,280.0,360.0,1.0,0,0,High,45.64263357870578,1,0
234,0,0,0,0,1,1,3155,1779.0,140.0,360.0,1.0,0,0,Medium,28.084693339967234,1,0
235,0,0,0,0,1,1,5500,1260.0,170.0,360.0,1.0,1,0,Medium,37.080992435478315,1,0
236,0,0,0,1,1,0,5746,0.0,255.0,360.0,,0,1,High,37.90118731649445,1,0
237,0,1,1,1,1,0,3463,0.0,122.0,360.0,,0,0,Medium,29.423629959608995,1,0
238,0,1,1,0,1,1,3812,0.0,112.0,360.0,1.0,1,0,Medium,30.870698080866262,1,0
239,0,0,0,0,1,1,3315,0.0,96.0,360.0,1.0,0,0,Low,28.788018340969565,1,0
240,0,0,0,0,1,1,5819,5000.0,120.0,360.0,1.0,1,0,Medium,38.141185089087095,1,0
241,0,0,0,0,0,1,2510,1983.0,140.0,180.0,1.0,0,1,Medium,25.0499500997507,0,1
242,0,0,1,1,1,1,2965,5701.0,155.0,60.0,1.0,0,0,Medium,27.225906780123964,1,0
243,0,0,0,0,1,0,6250,1300.0,108.0,360.0,1.0,1,0,Medium,39.528470752104745,1,0
244,0,0,0,1,0,1,3406,4417.0,123.0,360.0,1.0,0,0,Medium,29.180472922829747,0,1
245,0,0,1,1,1,0,6050,4333.0,120.0,180.0,1.0,0,1,Medium,38.890872965260115,1,0
246,0,0,0,0,1,1,9703,0.0,112.0,360.0,1.0,0,0,Medium,49.251903516513956,1,0
247,0,0,0,0,0,1,6608,0.0,137.0,180.0,1.0,0,0,Medium,40.64480286580315,0,1
248,0,0,0,0,1,1,2882,1843.0,123.0,480.0,1.0,0,0,Medium,26.842131062939096,1,0
249,0,0,0,1,1,1,1809,1868.0,90.0,360.0,1.0,0,0,Low,21.266170318136737,1,0
250,0,0,0,1,0,1,1668,3890.0,201.0,360.0,0.0,0,1,High,20.42057785666214,0,1
251,0,1,1,0,1,1,3427,0.0,138.0,360.0,1.0,0,1,Medium,29.270292106502797,1,0
252,0,0,1,1,0,0,2583,2167.0,104.0,360.0,1.0,1,0,Medium,25.411611519146124,0,1
253,0,0,0,0,0,1,2661,7101.0,279.0,180.0,1.0,0,0,High,25.79244075305786,0,1
254,0,0,1,1,1,0,16250,0.0,192.0,360.0,0.0,0,1,Medium,63.73774391990981,1,0
255,0,1,1,0,1,1,3083,0.0,255.0,360.0,1.0,1,0,High,27.76238462380348,1,0
256,0,0,1,1,0,1,6045,0.0,115.0,360.0,0.0,1,1,Medium,38.87479903485033,0,1
257,0,0,0,0,1,1,5250,0.0,94.0,360.0,1.0,0,1,Low,36.2284418654736,1,0
258,0,0,0,1,1,1,14683,2100.0,304.0,360.0,1.0,1,1,Extreme,60.586714715356536,1,0
259,0,0,0,0,0,1,4931,0.0,128.0,360.0,,0,1,Medium,35.11053972812152,0,1
260,0,0,0,0,1,1,6083,4250.0,330.0,360.0,,0,0,Extreme,38.99679474008088,1,0
261,0,0,1,1,1,1,2060,2209.0,134.0,360.0,1.0,0,0,Medium,22.693611435820433,1,0
262,0,1,1,0,1,1,3481,0.0,155.0,36.0,1.0,0,1,Medium,29.5,1,0
263,0,1,1,1,1,1,7200,0.0,120.0,360.0,1.0,1,0,Medium,42.42640687119285,1,0
264,0,0,1,1,1,0,5166,0.0,128.0,360.0,1.0,0,0,Medium,35.937445652132816,1,0
265,0,0,1,1,1,1,4095,3447.0,151.0,360.0,1.0,1,0,Medium,31.996093511552314,1,0
266,0,0,0,0,1,1,4708,1387.0,150.0,360.0,1.0,0,0,Medium,34.307433596816885,1,0
267,0,0,0,0,1,1,4333,1811.0,160.0,360.0,0.0,0,0,Medium,32.912763481664676,1,0
268,0,1,1,1,1,0,3418,0.0,135.0,360.0,1.0,1,1,Medium,29.231831964486933,1,0
269,0,1,1,0,1,1,2876,1560.0,90.0,360.0,1.0,0,0,Low,26.814175355583846,1,0
270,0,1,1,1,1,1,3237,0.0,30.0,360.0,1.0,0,0,Low,28.447319733148852,1,0
271,0,0,0,1,1,1,11146,0.0,136.0,360.0,1.0,0,0,Medium,52.787309080876625,1,0
272,0,0,1,1,1,1,2833,1857.0,126.0,360.0,1.0,1,0,Medium,26.612966764342527,1,0
273,0,0,0,1,1,1,2620,2223.0,150.0,360.0,1.0,0,0,Medium,25.592967784139454,1,0
274,0,0,0,0,1,1,3900,0.0,90.0,360.0,1.0,0,0,Low,31.22498999199199,1,0
275,0,0,0,0,1,1,2750,1842.0,115.0,360.0,1.0,0,0,Medium,26.22022120425379,1,0
276,0,0,0,1,1,1,3993,3274.0,207.0,360.0,1.0,0,0,High,31.595094555959157,1,0
277,0,0,0,1,1,1,3103,1300.0,80.0,360.0,1.0,0,0,Low,27.85228895441091,1,0
278,0,0,0,1,1,1,14583,0.0,436.0,360.0,1.0,0,0,Extreme,60.38004637295337,1,0
279,0,1,0,1,0,1,4100,0.0,124.0,360.0,,1,0,Medium,32.01562118716424,0,1
280,0,0,1,0,0,0,4053,2426.0,158.0,360.0,0.0,0,1,Medium,31.83158808479401,0,1
281,0,0,0,1,1,1,3927,800.0,112.0,360.0,1.0,0,0,Medium,31.332890067786597,1,0
282,0,0,0,0,1,1,2301,985.7999877999998,78.0,180.0,1.0,0,0,Low,23.984369910422913,1,0
283,0,1,1,1,1,1,1811,1666.0,54.0,360.0,1.0,0,0,Low,21.277922830953212,1,0
284,0,0,0,1,1,1,20667,0.0,,360.0,1.0,1,1,,71.88010851410841,1,0
285,0,0,1,1,1,1,3158,3053.0,89.0,360.0,1.0,1,0,Low,28.098042636454235,1,0
286,0,1,1,1,1,0,2600,1717.0,99.0,300.0,1.0,0,1,Low,25.495097567963924,1,0
287,0,0,0,1,1,1,3704,2000.0,120.0,360.0,1.0,1,0,Medium,30.430248109405877,1,0
288,0,1,1,1,1,1,4124,0.0,115.0,360.0,1.0,0,0,Medium,32.109188716004645,1,0
289,0,0,1,1,1,1,9508,0.0,187.0,360.0,1.0,1,0,Medium,48.75448697299562,1,0
290,0,0,0,1,1,1,3075,2416.0,139.0,360.0,1.0,1,0,Medium,27.726341266023542,1,0
291,0,0,0,0,1,1,4400,0.0,127.0,360.0,0.0,0,1,Medium,33.166247903554,1,0
292,0,0,0,0,1,1,3153,1560.0,134.0,360.0,1.0,0,0,Medium,28.075790282732914,1,0
293,0,1,1,0,1,1,5417,0.0,143.0,480.0,0.0,0,1,Medium,36.800135869314396,1,0
294,0,0,0,1,1,1,2383,3334.0,172.0,360.0,1.0,0,0,Medium,24.407990494917847,1,0
295,0,0,0,0,1,0,4416,1250.0,110.0,360.0,1.0,0,0,Medium,33.2264954516723,1,0
296,0,0,0,0,1,1,6875,0.0,200.0,360.0,1.0,0,0,Medium,41.4578098794425,1,0
297,0,1,0,0,1,1,4666,0.0,135.0,360.0,1.0,0,0,Medium,34.15406271587613,1,0
298,0,1,1,1,1,1,5000,2541.0,151.0,480.0,1.0,1,1,Medium,35.35533905932738,1,0
299,0,0,0,0,1,1,2014,2925.0,113.0,360.0,1.0,0,1,Medium,22.438805672316875,1,0
300,0,0,0,1,0,1,1800,2934.0,93.0,360.0,0.0,0,1,Low,21.213203435596427,0,1
301,0,0,0,0,0,1,2875,1750.0,105.0,360.0,1.0,0,0,Medium,26.80951323690902,0,1
302,0,1,1,1,1,1,5000,0.0,132.0,360.0,1.0,1,0,Medium,35.35533905932738,1,0
303,0,0,0,0,1,1,1625,1803.0,96.0,360.0,1.0,0,0,Low,20.155644370746373,1,0
304,0,0,1,1,1,1,4000,2500.0,140.0,360.0,1.0,1,0,Medium,31.622776601683793,1,0
305,0,0,1,1,0,1,2000,0.0,,360.0,1.0,0,1,,22.360679774997898,0,1
306,0,1,1,1,1,1,3762,1666.0,135.0,360.0,1.0,1,0,Medium,30.667572450391308,1,0
307,0,1,1,1,1,1,2400,1863.0,104.0,360.0,0.0,0,1,Medium,24.49489742783178,1,0
308,0,0,1,1,1,1,20233,0.0,480.0,360.0,1.0,1,1,Extreme,71.12137512731317,1,0
309,0,0,0,0,0,1,7667,0.0,185.0,360.0,,1,0,Medium,43.780703511935485,0,1
310,0,1,1,1,1,1,2917,0.0,84.0,360.0,1.0,0,0,Low,27.004629232781554,1,0
311,0,0,1,1,0,1,2927,2405.0,111.0,360.0,1.0,0,0,Medium,27.050877989447958,0,1
312,0,1,1,1,1,1,2507,0.0,56.0,360.0,1.0,1,0,Low,25.034975534240093,1,0
313,0,0,0,0,1,0,5746,0.0,144.0,84.0,,1,0,Medium,37.90118731649445,1,0
314,0,0,0,1,1,1,2473,1843.0,159.0,360.0,1.0,1,1,Medium,24.86463351831271,1,0
315,0,0,0,0,0,1,3399,1640.0,111.0,180.0,1.0,0,0,Medium,29.15047169429682,0,1
316,0,0,0,0,1,1,3717,0.0,120.0,360.0,1.0,0,0,Medium,30.483602149352365,1,0
317,0,0,0,1,1,1,2058,2134.0,88.0,360.0,,0,0,Low,22.68259244442751,1,0
318,0,1,1,0,1,1,3541,0.0,112.0,360.0,,0,0,Medium,29.75315109362368,1,0
319,0,0,0,0,1,0,10000,0.0,155.0,360.0,1.0,1,1,Medium,50.0,1,0
320,0,0,0,1,1,1,2400,2167.0,115.0,360.0,1.0,0,0,Medium,24.49489742783178,1,0
321,0,0,0,0,1,1,4342,189.0,124.0,360.0,1.0,0,0,Medium,32.94692701907114,1,0
322,0,0,0,0,0,1,3601,1590.0,,360.0,1.0,1,0,,30.004166377354995,0,1
323,0,1,1,1,1,1,3166,2985.0,132.0,360.0,,1,0,Medium,28.1336097932704,1,0
324,0,0,0,0,1,1,15000,0.0,300.0,360.0,1.0,1,0,High,61.237243569579455,1,0
325,0,0,0,0,1,0,8666,4983.0,376.0,360.0,0.0,1,1,Extreme,46.54567649094812,1,0
326,0,0,1,1,1,1,4917,0.0,130.0,360.0,0.0,1,0,Medium,35.06066171651642,1,0
327,0,0,0,1,1,0,5818,2160.0,184.0,360.0,1.0,0,0,Medium,38.137907651049765,1,0
328,0,1,0,1,1,1,4333,2451.0,110.0,360.0,1.0,0,1,Medium,32.912763481664676,1,0
329,0,1,1,1,1,1,2500,0.0,67.0,360.0,1.0,0,0,Low,25.0,1,0
330,0,0,1,0,1,1,4384,1793.0,117.0,360.0,1.0,0,0,Medium,33.1058907144937,1,0
331,0,0,1,1,1,1,2935,0.0,98.0,360.0,1.0,0,0,Low,27.087820141163075,1,0
332,0,0,1,0,1,1,2833,0.0,71.0,360.0,1.0,0,0,Low,26.612966764342527,1,0
333,0,0,0,1,1,0,63337,0.0,490.0,180.0,1.0,0,0,Extreme,125.83421633244274,1,0
334,0,0,0,0,1,0,9833,1833.0,182.0,180.0,1.0,0,0,Medium,49.580742229216376,1,0
335,0,0,0,0,1,0,5503,4490.0,70.0,,1.0,0,0,Low,37.09110405474607,1,0
336,0,0,0,0,1,0,5250,688.0,160.0,360.0,1.0,1,0,Medium,36.2284418654736,1,0
337,0,0,0,0,1,0,2500,4600.0,176.0,360.0,1.0,1,0,Medium,25.0,1,0
338,0,1,1,0,0,1,1830,0.0,,360.0,0.0,0,1,,21.38924963620744,0,1
339,0,1,1,1,1,1,4160,0.0,71.0,360.0,1.0,0,0,Low,32.2490309931942,1,0
340,0,0,0,0,0,1,2647,1587.0,173.0,360.0,1.0,1,1,Medium,25.72450193881312,0,1
341,0,1,1,1,1,1,2378,0.0,46.0,360.0,1.0,1,1,Low,24.38237068047322,1,0
342,0,0,0,0,0,1,4554,1229.0,158.0,360.0,1.0,0,0,Medium,33.741665637605976,0,1
343,0,0,0,0,0,1,3173,0.0,74.0,360.0,1.0,0,0,Low,28.164694211015323,0,1
344,0,0,0,0,1,0,2583,2330.0,125.0,360.0,1.0,1,0,Medium,25.411611519146124,1,0
345,0,0,0,1,1,1,2499,2458.0,160.0,360.0,1.0,0,0,Medium,24.994999499899976,1,0
346,0,0,0,0,0,1,3523,3230.0,152.0,360.0,0.0,1,1,Medium,29.6774325035034,0,1
347,0,0,0,0,0,1,3083,2168.0,126.0,360.0,1.0,0,0,Medium,27.76238462380348,0,1
348,0,0,0,1,1,1,6333,4583.0,259.0,360.0,,0,0,High,39.790074139161895,1,0
349,0,0,0,1,1,1,2625,6250.0,187.0,360.0,1.0,1,0,Medium,25.617376914898998,1,0
350,0,0,0,1,1,1,9083,0.0,228.0,360.0,1.0,0,0,High,47.652387138526436,1,0
351,0,0,1,1,1,1,8750,4167.0,308.0,360.0,1.0,1,1,Extreme,46.770717334674266,1,0
352,0,0,0,0,1,1,2666,2083.0,95.0,360.0,1.0,1,0,Low,25.816661286851172,1,0
353,0,1,0,1,1,0,5500,0.0,105.0,360.0,0.0,1,1,Medium,37.080992435478315,1,0
354,0,1,0,1,1,1,2423,505.0,130.0,360.0,1.0,0,0,Medium,24.611988948477936,1,0
355,0,1,1,0,1,1,3813,0.0,116.0,180.0,1.0,0,0,Medium,30.87474696252586,1,0
356,0,0,0,0,1,1,8333,3167.0,165.0,360.0,1.0,1,0,Medium,45.64263357870578,1,0
357,0,0,0,0,1,1,3875,0.0,67.0,360.0,1.0,0,1,Low,31.12474899497183,1,0
358,0,0,0,1,0,1,3000,1666.0,100.0,480.0,0.0,0,1,Low,27.386127875258307,0,1
359,0,0,0,0,1,1,5167,3167.0,200.0,360.0,1.0,0,0,Medium,35.940923749953896,1,0
360,0,1,1,0,1,1,4723,0.0,81.0,360.0,1.0,0,1,Low,34.36204301260331,1,0
361,0,0,0,0,1,1,5000,3667.0,236.0,360.0,1.0,0,0,High,35.35533905932738,1,0
362,0,0,0,1,1,1,4750,2333.0,130.0,360.0,1.0,0,0,Medium,34.46012188022556,1,0
363,0,0,0,1,1,1,3013,3033.0,95.0,300.0,,0,0,Low,27.445400343226915,1,0
364,0,0,1,1,1,0,6822,0.0,141.0,360.0,1.0,1,0,Medium,41.29769969380861,1,0
365,0,0,1,1,0,1,6216,0.0,133.0,360.0,1.0,1,1,Medium,39.42080668885405,0,1
366,0,0,1,1,1,1,2500,0.0,96.0,480.0,1.0,0,1,Low,25.0,1,0
367,0,0,1,1,1,1,5124,0.0,124.0,,0.0,1,1,Medium,35.79106033634656,1,0
368,0,0,0,0,1,1,6325,0.0,175.0,360.0,1.0,0,0,Medium,39.764934301467164,1,0
369,0,0,0,1,1,1,19730,5266.0,570.0,360.0,1.0,1,1,Extreme,70.23175919767353,1,0
370,0,1,1,1,1,0,15759,0.0,55.0,360.0,1.0,0,0,Low,62.76742785872303,1,0
371,0,0,0,0,1,1,5185,0.0,155.0,360.0,1.0,0,0,Medium,36.003472054789384,1,0
372,0,0,0,0,1,0,9323,7873.0,380.0,300.0,1.0,1,0,Extreme,48.277841708179125,1,0
373,0,0,1,0,1,1,3062,1987.0,111.0,180.0,0.0,0,1,Medium,27.667670664513846,1,0
374,0,1,1,1,1,0,2764,1459.0,110.0,360.0,1.0,0,0,Medium,26.28687885618983,1,0
375,0,0,0,1,1,1,4817,923.0,120.0,180.0,1.0,0,0,Medium,34.70230539892127,1,0
376,0,0,0,0,1,1,8750,4996.0,130.0,360.0,1.0,1,0,Medium,46.770717334674266,1,0
377,0,0,0,1,1,1,4310,0.0,130.0,360.0,,0,0,Medium,32.8252951243397,1,0
378,0,0,1,1,1,1,3069,0.0,71.0,480.0,1.0,0,1,Low,27.69927796892908,1,0
379,0,0,0,0,1,1,5391,0.0,130.0,360.0,1.0,0,0,Medium,36.71171475156125,1,0
380,0,0,0,1,1,0,3333,2500.0,128.0,360.0,1.0,0,0,Medium,28.86607004772212,1,0
381,0,0,1,1,1,1,5941,4232.0,296.0,360.0,1.0,0,0,High,38.53894134508627,1,0
382,0,1,1,1,1,1,6000,0.0,156.0,360.0,1.0,0,0,Medium,38.72983346207417,1,0
383,0,0,1,1,1,0,7167,0.0,128.0,360.0,1.0,0,0,Medium,42.32906802659373,1,0
384,0,0,0,0,1,1,4566,0.0,100.0,360.0,1.0,0,1,Low,33.7860918130523,1,0
385,0,0,1,0,1,0,3667,0.0,113.0,180.0,1.0,0,0,Medium,30.277879714405366,1,0
386,0,0,1,1,0,1,2346,1600.0,132.0,360.0,1.0,0,0,Medium,24.21776207662467,0,1
387,0,0,0,1,0,1,3010,3136.0,,360.0,0.0,0,1,,27.431733448690405,0,1
388,0,0,0,1,1,1,2333,2417.0,136.0,360.0,1.0,0,0,Medium,24.150569351466643,1,0
389,0,0,0,1,1,1,5488,0.0,125.0,360.0,1.0,1,0,Medium,37.04051835490427,1,0
390,0,0,1,0,1,1,9167,0.0,185.0,360.0,1.0,1,0,Medium,47.87222576818421,1,0
391,0,0,0,0,1,1,9504,0.0,275.0,360.0,1.0,1,0,High,48.744230427815765,1,0
392,0,0,0,1,1,1,2583,2115.0,120.0,360.0,,0,0,Medium,25.411611519146124,1,0
393,0,0,0,0,0,1,1993,1625.0,113.0,180.0,1.0,0,0,Medium,22.321514285549714,0,1
394,0,0,0,0,1,1,3100,1400.0,113.0,360.0,1.0,0,0,Medium,27.83882181415011,1,0
395,0,0,0,0,1,1,3276,484.0,135.0,360.0,,0,0,Medium,28.61817604250837,1,0
396,0,1,1,1,1,1,3180,0.0,71.0,360.0,0.0,0,1,Low,28.19574435974337,1,0
397,0,0,0,1,1,1,3033,1459.0,95.0,360.0,1.0,0,0,Low,27.536339626028727,1,0
398,0,0,1,1,0,1,3902,1666.0,109.0,360.0,1.0,1,0,Medium,31.232995373482833,0,1
399,0,1,1,1,1,1,1500,1800.0,103.0,360.0,0.0,0,1,Medium,19.364916731037084,1,0
400,0,0,0,0,0,1,2889,0.0,45.0,180.0,0.0,0,1,Low,26.874709300753377,0,1
401,0,0,1,1,0,1,2755,0.0,65.0,300.0,1.0,1,1,Low,26.24404694402142,0,1
402,0,0,1,1,1,1,2500,20000.0,103.0,360.0,1.0,0,0,Medium,25.0,1,0
403,0,1,1,1,0,1,1963,0.0,53.0,360.0,1.0,0,0,Low,22.15287791687572,0,1
404,0,1,1,1,1,0,7441,0.0,194.0,360.0,1.0,1,1,Medium,43.13061557640929,1,0
405,0,1,1,1,1,1,4547,0.0,115.0,360.0,1.0,0,0,Medium,33.715723334966434,1,0
406,0,0,0,1,0,1,2167,2400.0,115.0,360.0,1.0,0,0,Medium,23.275523624614763,0,1
407,0,1,1,1,0,1,2213,0.0,66.0,360.0,1.0,1,0,Low,23.521266972678152,0,1
408,0,0,0,0,1,1,8300,0.0,152.0,300.0,0.0,0,1,Medium,45.552167895721496,1,0
409,0,0,0,0,1,1,81000,0.0,360.0,360.0,0.0,1,1,Extreme,142.30249470757707,1,0
410,0,1,1,0,0,0,3867,0.0,62.0,360.0,1.0,0,1,Low,31.0926036220835,0,1
411,0,0,0,1,1,0,6256,0.0,160.0,360.0,,0,0,Medium,39.54743986657038,1,0
412,0,0,0,1,0,1,6096,0.0,218.0,360.0,0.0,1,1,High,39.03844259188627,0,1
413,0,0,0,1,0,1,2253,2033.0,110.0,360.0,1.0,1,0,Medium,23.732888572611635,0,1
414,0,1,0,1,0,1,2149,3237.0,178.0,360.0,0.0,0,1,Medium,23.178653972998518,0,1
415,0,1,1,1,1,1,2995,0.0,60.0,360.0,1.0,0,0,Low,27.363296585024255,1,0
416,0,1,1,0,1,1,2600,0.0,160.0,360.0,1.0,0,1,Medium,25.495097567963924,1,0
417,0,0,0,0,1,0,1600,20000.0,239.0,360.0,1.0,0,1,High,20.0,1,0
418,0,0,0,1,1,1,1025,2773.0,112.0,360.0,1.0,1,0,Medium,16.00781059358212,1,0
419,0,0,0,1,1,1,3246,1417.0,138.0,360.0,1.0,0,0,Medium,28.48683906648823,1,0
420,0,0,0,1,1,1,5829,0.0,138.0,360.0,1.0,1,0,Medium,38.17394399325278,1,0
421,0,1,1,1,0,1,2720,0.0,80.0,,0.0,0,1,Low,26.076809620810597,0,1
422,0,0,0,1,1,1,1820,1719.0,100.0,360.0,1.0,0,0,Low,21.330729007701542,1,0
423,0,0,0,0,1,1,7250,1667.0,110.0,,0.0,0,1,Medium,42.573465914816005,1,0
424,0,0,0,1,1,1,14880,0.0,96.0,360.0,1.0,0,0,Low,60.991802727907626,1,0
425,0,0,0,1,1,1,2666,4300.0,121.0,360.0,1.0,1,0,Medium,25.816661286851172,1,0
426,0,1,1,0,0,1,4606,0.0,81.0,360.0,1.0,1,1,Low,33.933759001914304,0,1
427,0,0,0,0,1,1,5935,0.0,133.0,360.0,1.0,0,0,Medium,38.51947559352282,1,0
428,0,0,0,1,1,1,2920,16.12000084,87.0,360.0,1.0,1,0,Low,27.018512172212592,1,0
429,0,0,1,1,0,1,2717,0.0,60.0,180.0,1.0,0,0,Low,26.062425059844298,0,1
430,0,1,1,0,1,0,8624,0.0,150.0,360.0,1.0,0,0,Medium,46.4327470649756,1,0
431,0,0,1,1,1,1,6500,0.0,105.0,360.0,0.0,1,1,Medium,40.311288741492746,1,0
432,0,0,1,1,1,0,12876,0.0,405.0,360.0,1.0,0,0,Extreme,56.73623181001713,1,0
433,0,0,0,1,1,1,2425,2340.0,143.0,360.0,1.0,0,0,Medium,24.62214450449026,1,0
434,0,0,1,1,1,1,3750,0.0,100.0,360.0,1.0,0,0,Low,30.618621784789728,1,0
435,0,1,0,0,1,1,10047,0.0,,240.0,1.0,0,0,,50.117362260996934,1,0
436,0,0,1,1,1,1,1926,1851.0,50.0,360.0,1.0,0,0,Low,21.94310825749169,1,0
437,0,0,0,1,1,1,2213,1125.0,,360.0,1.0,0,0,,23.521266972678152,1,0
438,0,0,1,1,1,0,10416,0.0,187.0,360.0,0.0,0,1,Medium,51.02940328869229,1,0
439,0,1,0,1,0,0,7142,0.0,138.0,360.0,1.0,1,0,Medium,42.2551771975932,0,1
440,0,0,1,1,1,1,3660,5064.0,187.0,360.0,1.0,0,0,Medium,30.24896692450835,1,0
441,0,0,0,1,1,1,7901,1833.0,180.0,360.0,1.0,1,0,Medium,44.44378471732578,1,0
442,0,0,1,0,0,1,4707,1993.0,148.0,360.0,1.0,0,0,Medium,34.30378987808781,0,1
443,0,0,1,0,1,1,37719,0.0,152.0,360.0,1.0,0,0,Medium,97.10689985783708,1,0
444,0,0,0,1,1,1,7333,8333.0,175.0,300.0,,1,0,Medium,42.81646879414509,1,0
445,0,0,0,0,1,0,3466,1210.0,130.0,360.0,1.0,1,0,Medium,29.436372059070052,1,0
446,0,0,0,0,0,1,4652,0.0,110.0,360.0,1.0,1,0,Medium,34.10278580995987,0,1
447,0,0,0,1,1,0,3539,1376.0,55.0,360.0,1.0,1,1,Low,29.744747435471695,1,0
448,0,0,0,0,1,1,3340,1710.0,150.0,360.0,0.0,1,1,Medium,28.89636655359978,1,0
449,0,0,1,0,0,0,2769,1542.0,190.0,360.0,,0,1,Medium,26.31064423384574,0,1
450,0,0,0,0,0,1,2309,1255.0,125.0,360.0,0.0,1,1,Medium,24.026027553467927,0,1
451,0,0,0,0,0,1,1958,1456.0,60.0,300.0,,0,0,Low,22.124646889837585,0,1
452,0,0,0,1,1,1,3948,1733.0,149.0,360.0,0.0,1,1,Medium,31.416556144810016,1,0
453,0,0,0,1,1,1,2483,2466.0,90.0,180.0,0.0,1,0,Low,24.914855006601986,1,0
454,0,0,1,1,1,0,7085,0.0,84.0,360.0,1.0,0,0,Low,42.08622102303793,1,0
455,0,0,0,0,1,1,3859,0.0,96.0,360.0,1.0,0,0,Low,31.060424980994707,1,0
456,0,0,0,1,1,1,4301,0.0,118.0,360.0,1.0,0,0,Medium,32.79100486413919,1,0
457,0,0,0,1,1,1,3708,2569.0,173.0,360.0,1.0,0,1,Medium,30.44667469527666,1,0
458,0,0,1,0,1,1,4354,0.0,136.0,360.0,1.0,1,0,Medium,32.992423372647245,1,0
459,0,0,0,1,1,1,8334,0.0,160.0,360.0,1.0,0,1,Medium,45.645372164108814,1,0
460,0,0,0,1,1,0,2083,4083.0,160.0,360.0,,0,0,Medium,22.819947414488052,1,0
461,0,0,0,0,1,1,7740,0.0,128.0,180.0,1.0,0,0,Medium,43.98863489584554,1,0
462,0,0,0,1,1,1,3015,2188.0,153.0,360.0,1.0,1,0,Medium,27.454507826584692,1,0
463,0,1,1,0,0,0,5191,0.0,132.0,360.0,1.0,0,0,Medium,36.024297356090095,0,1
464,0,0,1,1,1,1,4166,0.0,98.0,360.0,0.0,0,1,Low,32.27227912620985,1,0
465,0,0,1,1,1,1,6000,0.0,140.0,360.0,1.0,1,0,Medium,38.72983346207417,1,0
466,0,0,0,0,0,1,2947,1664.0,70.0,180.0,0.0,0,1,Low,27.143139096279928,0,1
467,0,0,0,1,1,1,16692,0.0,110.0,360.0,1.0,0,0,Medium,64.59876159803684,1,0
468,0,1,0,0,0,0,210,2917.0,98.0,360.0,1.0,0,0,Low,7.245688373094719,0,1
469,0,0,0,1,1,1,4333,2451.0,110.0,360.0,1.0,0,1,Medium,32.912763481664676,1,0
470,0,0,0,0,1,0,3450,2079.0,162.0,360.0,1.0,0,0,Medium,29.368350311176826,1,0
471,0,0,0,0,0,1,2653,1500.0,113.0,180.0,0.0,1,1,Medium,25.753640519351823,0,1
472,0,0,0,0,1,1,4691,0.0,100.0,360.0,1.0,0,0,Low,34.24543765233553,1,0
473,0,1,1,1,1,0,2500,0.0,93.0,360.0,,0,0,Low,25.0,1,0
474,0,0,1,0,1,1,5532,4648.0,162.0,360.0,1.0,1,0,Medium,37.1887079635741,1,0
475,0,0,0,0,1,0,16525,1014.0,150.0,360.0,1.0,1,0,Medium,64.2748006609122,1,0
476,0,0,0,0,1,1,6700,1750.0,230.0,300.0,1.0,0,0,High,40.92676385936225,1,0
477,0,0,0,0,1,1,2873,1872.0,132.0,360.0,0.0,0,1,Medium,26.800186566514792,1,0
478,0,0,0,0,1,0,16667,2250.0,86.0,360.0,1.0,0,0,Low,64.55036793078719,1,0
479,0,0,0,0,1,1,2947,1603.0,,360.0,1.0,0,1,,27.143139096279928,1,0
480,0,1,1,1,0,1,4350,0.0,154.0,360.0,1.0,1,0,Medium,32.977264895682296,0,1
481,0,0,0,0,0,1,3095,0.0,113.0,360.0,1.0,1,0,Medium,27.816362091402247,0,1
482,0,0,0,1,1,1,2083,3150.0,128.0,360.0,1.0,0,0,Medium,22.819947414488052,1,0
483,0,0,0,1,1,1,10833,0.0,234.0,360.0,1.0,0,0,High,52.040849339725426,1,0
484,0,0,0,0,1,1,8333,0.0,246.0,360.0,1.0,0,0,High,45.64263357870578,1,0
485,0,0,0,0,0,1,1958,2436.0,131.0,360.0,1.0,1,0,Medium,22.124646889837585,0,1
486,0,0,1,0,1,1,3547,0.0,80.0,360.0,0.0,1,1,Low,29.778347838656195,1,0
487,0,0,0,0,1,1,18333,0.0,500.0,360.0,1.0,0,1,Extreme,67.69970457838055,1,0
488,0,0,0,0,1,0,4583,2083.0,160.0,360.0,1.0,0,0,Medium,33.84892908202562,1,0
489,0,0,1,1,1,1,2435,0.0,75.0,360.0,1.0,0,1,Low,24.672859582950654,1,0
490,0,0,1,1,0,1,2699,2785.0,96.0,360.0,,0,0,Low,25.975950415721076,0,1
491,0,0,0,0,0,1,5333,1131.0,186.0,360.0,,0,0,Medium,36.513696060519536,0,1
492,0,0,1,1,0,1,3691,0.0,110.0,360.0,1.0,1,0,Medium,30.376800358168072,0,1
493,0,1,1,1,0,0,17263,0.0,225.0,360.0,1.0,0,0,High,65.6943680995563,0,1
494,0,0,0,1,1,1,3597,2157.0,119.0,360.0,0.0,1,1,Medium,29.9874973947477,1,0
495,0,1,0,0,1,1,3326,913.0,105.0,84.0,1.0,0,0,Medium,28.83574171059243,1,0
496,0,0,0,1,0,1,2600,1700.0,107.0,360.0,1.0,1,0,Medium,25.495097567963924,0,1
497,0,0,0,1,1,1,4625,2857.0,111.0,12.0,,0,0,Medium,34.00367627183861,1,0
498,0,0,0,0,1,0,2895,0.0,95.0,360.0,1.0,0,0,Low,26.90260210462921,1,0
499,0,0,1,1,1,1,6283,4416.0,209.0,360.0,0.0,1,1,High,39.63268852853664,1,0
500,0,1,1,1,1,1,645,3683.0,113.0,480.0,1.0,1,0,Medium,12.698425099200294,1,0
501,0,1,1,1,1,1,3159,0.0,100.0,360.0,1.0,0,0,Low,28.10249099279279,1,0
502,0,0,0,0,1,1,4865,5624.0,208.0,360.0,1.0,0,0,High,34.87477598494362,1,0
503,0,0,0,0,0,1,4050,5302.0,138.0,360.0,,1,1,Medium,31.81980515339464,0,1
504,0,0,0,1,0,1,3814,1483.0,124.0,300.0,1.0,0,0,Medium,30.87879531328902,0,1
505,0,0,0,0,1,1,3510,4416.0,243.0,360.0,1.0,1,0,High,29.62262648719725,1,0
506,0,0,0,1,1,1,20833,6667.0,480.0,360.0,,0,0,Extreme,72.16820629612461,1,0
507,0,0,1,1,1,1,3583,0.0,96.0,360.0,1.0,0,1,Low,29.92908284595437,1,0
508,0,0,0,1,1,0,2479,3013.0,188.0,360.0,1.0,0,0,Medium,24.894778569009205,1,0
509,0,1,1,0,1,1,13262,0.0,40.0,360.0,1.0,0,0,Low,57.58037860243713,1,0
510,0,0,1,1,0,1,3598,1287.0,100.0,360.0,1.0,1,1,Low,29.991665508937647,0,1
511,0,0,0,0,1,1,6065,2004.0,250.0,360.0,1.0,0,0,High,38.939054944875075,1,0
512,0,0,0,0,1,1,3283,2035.0,148.0,360.0,1.0,0,0,Medium,28.648734701553575,1,0
513,0,0,0,1,1,1,2130,6666.0,70.0,180.0,1.0,0,1,Low,23.075961518428652,1,0
514,0,0,1,1,1,1,5815,3666.0,311.0,360.0,1.0,1,1,Extreme,38.128073646592746,1,0
515,0,0,0,0,1,1,3466,3428.0,150.0,360.0,1.0,1,0,Medium,29.436372059070052,1,0
516,0,1,0,0,1,1,2031,1632.0,113.0,480.0,1.0,0,0,Medium,22.533308678487497,1,0
517,0,0,0,0,0,1,3074,1800.0,123.0,360.0,0.0,0,1,Medium,27.721832551258224,0,1
518,0,0,1,1,1,1,4683,1915.0,185.0,360.0,1.0,0,1,Medium,34.21622422185125,1,0
519,0,1,1,1,0,1,3400,0.0,95.0,360.0,1.0,1,1,Low,29.154759474226502,0,1
520,0,0,0,0,0,1,2192,1742.0,45.0,360.0,1.0,0,0,Low,23.40939982143925,0,1
521,0,0,1,1,1,1,2500,0.0,55.0,360.0,1.0,0,0,Low,25.0,1,0
522,0,0,0,0,1,0,5677,1424.0,100.0,360.0,1.0,1,0,Low,37.672934581739185,1,0
523,0,0,0,0,1,0,7948,7166.0,480.0,360.0,1.0,1,0,Extreme,44.57577817604534,1,0
524,0,0,1,1,1,1,4680,2087.0,,360.0,1.0,0,1,,34.20526275297414,1,0
525,0,0,0,0,1,0,17500,0.0,400.0,360.0,1.0,1,0,Extreme,66.14378277661477,1,0
526,0,0,0,1,1,1,3775,0.0,110.0,360.0,1.0,0,0,Medium,30.72051431861127,1,0
527,0,0,0,0,0,1,5285,1430.0,161.0,360.0,0.0,0,0,Medium,36.34900273735168,0,1
528,0,0,1,0,0,1,2679,1302.0,94.0,360.0,1.0,0,0,Low,25.879528589215067,0,1
529,0,0,1,1,0,1,6783,0.0,130.0,360.0,1.0,0,0,Medium,41.179485183765955,0,1
530,0,0,0,1,1,1,1025,5500.0,216.0,360.0,,1,0,High,16.00781059358212,1,0
531,0,0,0,0,1,1,4281,0.0,100.0,360.0,1.0,0,0,Low,32.71467560591118,1,0
532,0,0,1,0,1,1,3588,0.0,110.0,360.0,0.0,1,1,Medium,29.949958263743873,1,0
533,0,0,1,0,1,1,11250,0.0,196.0,360.0,,0,1,Medium,53.033008588991066,1,0
534,0,1,1,1,0,0,18165,0.0,125.0,360.0,1.0,0,0,Medium,67.38879728857016,0,1
535,0,0,1,1,0,0,2550,2042.0,126.0,360.0,1.0,1,0,Medium,25.248762345905195,0,1
536,0,0,0,1,1,1,6133,3906.0,324.0,360.0,1.0,0,0,Extreme,39.15673632978111,1,0
537,0,0,1,0,1,1,3617,0.0,107.0,360.0,1.0,0,0,Medium,30.07074990750979,1,0
538,0,0,0,1,0,1,2917,536.0,66.0,360.0,1.0,1,1,Low,27.004629232781554,0,1
539,0,0,0,0,1,1,6417,0.0,157.0,180.0,1.0,1,0,Medium,40.05308976845607,1,0
540,0,1,0,0,1,1,4608,2845.0,140.0,180.0,1.0,0,0,Medium,33.94112549695428,1,0
541,0,1,1,1,1,1,2138,0.0,99.0,360.0,0.0,0,1,Low,23.119256043393783,1,0
542,0,1,1,0,1,0,3652,0.0,95.0,360.0,1.0,0,0,Low,30.215889859476256,1,0
543,0,0,0,0,0,1,2239,2524.0,128.0,360.0,1.0,0,0,Medium,23.65903632864196,0,1
544,0,1,0,1,0,1,3017,663.0,102.0,360.0,,0,0,Medium,27.463612289718917,0,1
545,0,0,0,1,1,1,2768,1950.0,155.0,360.0,1.0,1,0,Medium,26.30589287593181,1,0
546,0,0,1,1,0,1,3358,0.0,80.0,36.0,1.0,0,1,Low,28.97412638890084,0,1
547,0,0,1,1,1,1,2526,1783.0,145.0,360.0,1.0,1,0,Medium,25.129663746258124,1,0
548,0,1,1,1,1,1,5000,0.0,103.0,360.0,0.0,0,1,Medium,35.35533905932738,1,0
549,0,0,0,1,1,1,2785,2016.0,110.0,360.0,1.0,1,0,Medium,26.386549603917523,1,0
550,0,0,0,0,1,0,6633,0.0,,360.0,0.0,1,1,,40.721615881494685,1,0
551,0,0,0,0,0,1,2492,2375.0,,360.0,1.0,1,0,,24.95996794869737,0,1
552,0,0,0,0,1,1,3333,3250.0,158.0,360.0,1.0,0,0,Medium,28.86607004772212,1,0
553,0,0,0,1,0,1,2454,2333.0,181.0,360.0,0.0,0,1,Medium,24.76893215300167,0,1
554,0,0,0,1,1,1,3593,4266.0,132.0,180.0,0.0,1,1,Medium,29.970819141291418,1,0
555,0,0,0,0,1,1,5468,1032.0,26.0,360.0,1.0,0,0,Low,36.9729630946723,1,0
556,0,1,1,1,1,1,2667,1625.0,84.0,360.0,,0,0,Low,25.821502667350714,1,0
557,0,0,0,0,1,0,10139,0.0,260.0,360.0,1.0,0,0,High,50.34630075785112,1,0
558,0,0,0,1,1,1,3887,2669.0,162.0,360.0,1.0,0,0,Medium,31.17290490153268,1,0
559,0,1,0,1,1,1,4180,2306.0,182.0,360.0,1.0,0,0,Medium,32.32645975048923,1,0
560,0,0,0,0,0,1,3675,242.0,108.0,360.0,1.0,0,0,Medium,30.31088913245535,0,1
561,0,1,0,0,1,0,19484,0.0,600.0,360.0,1.0,0,0,Extreme,69.79254974565696,1,0
562,0,0,0,1,1,1,5923,2054.0,211.0,360.0,1.0,1,0,High,38.48051454957431,1,0
563,0,0,1,1,0,0,5800,0.0,132.0,360.0,1.0,0,0,Medium,38.07886552931954,0,1
564,0,0,0,0,1,1,8799,0.0,258.0,360.0,0.0,0,1,High,46.90149251356507,1,0
565,0,0,0,1,0,1,4467,0.0,120.0,360.0,,1,0,Medium,33.417809623013895,0,1
566,0,0,1,1,1,1,3333,0.0,70.0,360.0,1.0,0,0,Low,28.86607004772212,1,0
567,0,0,0,0,1,1,3400,2500.0,123.0,360.0,0.0,1,1,Medium,29.154759474226502,1,0
568,0,1,1,1,1,1,2378,0.0,9.0,360.0,1.0,0,1,Low,24.38237068047322,1,0
569,0,0,0,1,1,1,3166,2064.0,104.0,360.0,0.0,0,1,Medium,28.1336097932704,1,0
570,0,0,0,0,1,1,3417,1750.0,186.0,360.0,1.0,0,0,Medium,29.227555491350966,1,0
571,0,0,0,0,1,1,5116,1451.0,165.0,360.0,0.0,0,1,Medium,35.76310948449533,1,0
572,0,0,0,0,1,1,16666,0.0,275.0,360.0,1.0,0,0,High,64.54843142943135,1,0
573,0,0,0,0,0,1,6125,1625.0,187.0,480.0,1.0,0,1,Medium,39.131189606246316,0,1
574,0,0,0,0,1,1,6406,0.0,150.0,360.0,1.0,0,1,Medium,40.01874560752748,1,0
575,0,0,0,0,1,1,3159,461.0,108.0,84.0,1.0,0,0,Medium,28.10249099279279,1,0
576,0,0,0,1,1,1,3087,2210.0,136.0,360.0,0.0,0,1,Medium,27.780388766178202,1,0
577,0,0,1,1,1,1,3229,2739.0,110.0,360.0,1.0,0,0,Medium,28.412145290350743,1,0
578,0,0,0,0,1,1,1782,2232.0,107.0,360.0,1.0,1,0,Medium,21.106870919205434,1,0
579,0,0,1,1,1,0,3182,2917.0,161.0,360.0,1.0,0,0,Medium,28.20460955234091,1,0
580,0,0,0,0,1,1,6540,0.0,205.0,360.0,1.0,0,0,High,40.43513323831146,1,0
581,0,0,1,1,1,1,1836,33837.0,90.0,360.0,1.0,0,1,Low,21.42428528562855,1,0
582,0,1,0,1,1,1,3166,0.0,36.0,360.0,1.0,0,0,Low,28.1336097932704,1,0
583,0,0,0,0,1,1,1880,0.0,61.0,360.0,,1,1,Low,21.6794833886788,1,0
584,0,0,0,0,1,1,2787,1917.0,146.0,360.0,0.0,1,1,Medium,26.396022427631024,1,0
585,0,0,0,0,1,1,4283,3000.0,172.0,84.0,1.0,1,1,Medium,32.72231654391235,1,0
586,0,0,0,1,1,1,2297,1522.0,104.0,360.0,1.0,0,0,Medium,23.96351393264352,1,0
587,0,1,1,1,0,1,2165,0.0,70.0,360.0,1.0,0,0,Low,23.264780248263683,0,1
588,0,0,1,1,1,1,4750,0.0,94.0,360.0,1.0,0,0,Low,34.46012188022556,1,0
589,0,0,0,0,1,0,2726,0.0,106.0,360.0,0.0,0,1,Medium,26.105554964413226,1,0
590,0,0,0,1,1,1,3000,3416.0,56.0,180.0,1.0,0,0,Low,27.386127875258307,1,0
591,0,0,0,0,1,0,6000,0.0,205.0,240.0,1.0,0,1,High,38.72983346207417,1,0
592,0,0,1,0,1,0,9357,0.0,292.0,360.0,1.0,0,0,High,48.36579369761237,1,0
593,0,0,0,1,1,1,3859,3300.0,142.0,180.0,1.0,1,0,Medium,31.060424980994707,1,0
594,0,0,0,1,1,0,16120,0.0,260.0,360.0,1.0,0,0,High,63.48228099241551,1,0
595,0,0,1,1,0,1,3833,0.0,110.0,360.0,1.0,1,0,Medium,30.955613384328213,0,1
596,0,0,0,0,0,0,6383,1000.0,187.0,360.0,1.0,1,1,Medium,39.946839674747736,0,1
597,0,0,1,0,1,1,2987,0.0,88.0,360.0,0.0,0,1,Low,27.326726843879417,1,0
598,0,0,0,1,1,0,9963,0.0,180.0,360.0,1.0,1,0,Medium,49.907414278842374,1,0
599,0,0,0,0,1,1,5780,0.0,192.0,360.0,1.0,0,0,Medium,38.01315561749642,1,0
600,0,1,1,0,1,0,416,41667.0,350.0,180.0,,0,1,Extreme,10.198039027185569,1,0
601,0,0,0,1,0,0,2894,2792.0,155.0,360.0,1.0,1,0,Medium,26.89795531262553,0,1
602,0,0,0,0,1,1,5703,0.0,128.0,360.0,1.0,0,0,Medium,37.7591048622713,1,0
603,0,0,1,1,1,1,3676,4301.0,172.0,360.0,1.0,1,0,Medium,30.315012782448235,1,0
604,0,1,0,0,1,1,12000,0.0,496.0,360.0,1.0,0,0,Extreme,54.772255750516614,1,0
605,0,0,0,1,0,1,2400,3800.0,,180.0,1.0,0,1,,24.49489742783178,0,1
606,0,0,0,0,1,1,3400,2500.0,173.0,360.0,1.0,0,0,Medium,29.154759474226502,1,0
607,0,0,0,0,0,1,3987,1411.0,157.0,360.0,1.0,1,0,Medium,31.571347769773784,0,1
608,0,0,0,1,1,1,3232,1950.0,108.0,360.0,1.0,1,0,Medium,28.42534080710379,1,0
609,0,1,1,1,1,1,2900,0.0,71.0,360.0,1.0,1,0,Low,26.92582403567252,1,0
610,0,0,0,0,1,1,4106,0.0,40.0,180.0,1.0,1,0,Low,32.03903868720159,1,0
611,0,0,0,0,1,1,8072,240.0,253.0,360.0,1.0,0,0,High,44.9221548904324,1,0
612,0,0,0,0,1,1,7583,0.0,187.0,360.0,1.0,0,0,Medium,43.540211299441346,1,0
613,0,1,1,1,1,0,4583,0.0,133.0,360.0,0.0,0,1,Medium,33.84892908202562,1,0
